0.0180043805578419,0.75,869,3931
0.0200490432438865,0.75,990,3810
0.0179665871315861,0.75,948,3852
0.0246215655004152,0.75,1308,3492
0.0245326905180758,0.75,1540,3260
0.0233989249718395,0.7,29,4771
0.0165561903841621,0.75,1299,3501
0.0170317140013412,0.75,1102,3698
0.0160710118308528,0.75,911,3889
0.0220651033409289,0.75,1136,3664
0.0198978861921363,0.75,1159,3641
0.0179538468872514,0.75,1061,3739
0.0233342192014666,0.75,1308,3492
0.0225021872708679,0.75,1424,3376
0.0212659732068535,0.75,1431,3369
0.0184708218679733,0.75,1275,3525
0.0219868485878361,0.75,1372,3428
0.0207670846757785,0.75,1368,3432
0.0205163451087000,0.75,1350,3450
0.0185456494626700,0.75,1224,3576
0.0180280757122408,0.75,1109,3691
0.0196085522204494,0.75,1124,3676
0.0193373089243670,0.75,1119,3681
0.0178478161926736,0.75,1027,3773
0.0230985863389530,0.75,1273,3527
0.0294676060235088,0.7,193,4607
0.0236041189546885,0.7,210,4590
0.0196098904008412,0.75,1597,3203
0.0219251006688188,0.75,1584,3216
0.0239083982453059,0.7,87,4713
0.0171104716943206,0.75,1371,3429
0.0218764085071452,0.75,1430,3370
0.0221009273051109,0.75,1482,3318
0.0193598010742064,0.75,1361,3439
0.0215492239823039,0.75,1405,3395
0.0216395658010609,0.75,1439,3361
0.0182273102462748,0.75,1266,3534
0.0230505801477702,0.75,1428,3372
0.0195269045105179,0.75,1334,3466
0.0176984992999785,0.75,1164,3636
0.0187671357405053,0.75,1112,3688
0.0186008077816330,0.75,1067,3733
0.0196841988610798,0.75,1101,3699
0.0187935824358028,0.75,1071,3729
0.0196077203727419,0.75,1099,3701
0.0233350187770431,0.75,1333,3467
0.0198933894927879,0.75,1291,3509
0.0169720807171767,0.75,1093,3707
0.0197211787898497,0.75,1120,3680
0.0208065872123628,0.75,1201,3599
0.0202560318025716,0.75,1223,3577
0.0191448904032798,0.75,1174,3626
0.0173438092693470,0.75,1035,3765
0.0194329737362576,0.75,1064,3736
0.0194405859323380,0.75,1085,3715
0.0199023755940245,0.75,1125,3675
0.0195801820125804,0.75,1133,3667
0.0225160239045824,0.75,1309,3491
0.0218957603291884,0.75,1390,3410
0.0174804871657377,0.75,1190,3610
0.0241495055151822,0.75,1440,3360
0.0271327394653420,0.7,172,4628
0.0242250050516722,0.7,230,4570
0.0229334860032189,0.7,197,4603
0.0212707991639313,0.7,82,4718
0.0215401764464129,0.7,19,4781
0.0287056450515378,0.7,376,4424
0.0211392250301584,0.7,196,4604
0.0219868071142962,0.7,121,4679
0.0190126085740206,0.75,1503,3297
0.0237035770995458,0.7,22,4778
0.0227793834791011,0.7,49,4751
0.0203915278119623,0.75,1532,3268
0.0197100386926559,0.75,1415,3385
0.0187634403991699,0.75,1281,3519
0.0170029411540739,0.75,1088,3712
0.0181789497171063,0.75,1026,3774
0.0190019309828440,0.75,1033,3767
0.0207711851915000,0.75,1141,3659
0.0165939501122662,0.75,969,3831
0.0168706772584114,0.75,868,3932
0.0207241552140905,0.75,1029,3771
0.0175276643927767,0.75,948,3852
0.0169214068128975,0.75,858,3942
0.0170743774080450,0.75,806,3994
0.0186703678202331,0.75,866,3934
0.0197652791357020,0.75,971,3829
0.0168780417487617,0.75,871,3929
0.0200363289730265,0.75,990,3810
0.0199286224735630,0.75,1064,3736
0.0198536512927844,0.75,1108,3692
0.0187791960676801,0.75,1075,3725
0.0174933651219806,0.75,977,3823
0.0176035035806377,0.75,918,3882
0.0186220952000035,0.75,938,3862
0.0211872724913864,0.75,1103,3697
0.0172354400037760,0.75,981,3819
0.0185942513704878,0.75,979,3821
0.0181601666021260,0.75,952,3848
0.0181596265233439,0.75,933,3867
0.0190961299642839,0.75,977,3823
0.0197821062500867,0.75,1046,3754
0.0216542367659816,0.75,1201,3599
0.0216442823882810,0.75,1304,3496
0.0216389078826358,0.75,1372,3428
0.0166037425021553,0.75,1126,3674
0.0178135616614674,0.75,1031,3769
0.0212786554913881,0.75,1169,3631
0.0181511416032482,0.75,1079,3721
0.0185739860229783,0.75,1044,3756
0.0211872633953716,0.75,1173,3627
0.0183953528683392,0.75,1096,3704
0.0188697214762329,0.75,1072,3728
0.0191190000658885,0.75,1071,3729
0.0202524410661156,0.75,1136,3664
0.0256403047514780,0.75,1490,3310
0.0214021602417993,0.75,1482,3318
0.0198090630708156,0.75,1387,3413
0.0196284139762737,0.75,1312,3488
0.0212345334384842,0.75,1354,3446
0.0283117848327261,0.7,182,4618
0.0233361766694124,0.7,187,4613
0.0220247066978189,0.7,117,4683
0.0193576117120775,0.75,1520,3280
0.0197285542463937,0.75,1407,3393
0.0209946926852181,0.75,1404,3396
0.0196431896671451,0.75,1324,3476
0.0181976260427265,0.75,1187,3613
0.0169017392461183,0.75,1018,3782
0.0185804340822338,0.75,1003,3797
0.0195405565101420,0.75,1049,3751
0.0219658603027419,0.75,1221,3579
0.0231068067294501,0.75,1401,3399
0.0214988494509841,0.75,1429,3371
0.0185761655625549,0.75,1279,3521
0.0207502274576544,0.75,1304,3496
0.0228894024756485,0.75,1444,3356
0.0190510772334979,0.75,1317,3483
0.0193082602164632,0.75,1246,3554
0.0176300820276326,0.75,1101,3699
0.0168618640150256,0.75,957,3843
0.0176416729786040,0.75,907,3893
0.0175798908891235,0.75,869,3931
0.0186312710988476,0.75,906,3894
0.0197324382771491,0.75,996,3804
0.0194901970845054,0.75,1042,3758
0.0224107624378116,0.75,1242,3558
0.0197892956167774,0.75,1224,3576
0.0173573425195224,0.75,1070,3730
0.0177085146575793,0.75,986,3814
0.0216542367659816,0.75,1162,3638
0.0216442823882810,0.75,1278,3522
0.0216389078826358,0.75,1354,3446
0.0165471940291006,0.75,1111,3689
0.0183119078762630,0.75,1050,3750
0.0175842304375976,0.75,965,3835
0.0203048438425113,0.75,1069,3731
0.0257010533656807,0.75,1449,3351
0.0228004793617391,0.75,1535,3265
0.0184593357665533,0.75,1345,3455
0.0191963364735709,0.75,1259,3541
0.0246905077930600,0.75,1516,3284
0.0200067040273850,0.75,1420,3380
0.0203196579189146,0.75,1374,3426
0.0192195535844438,0.75,1280,3520
0.0165839658311223,0.75,1062,3738
0.0163334383431040,0.75,900,3900
0.0145511529427573,0.75,683,4117
0.0172707826719063,0.75,700,4100
0.0180269147606313,0.75,757,4043
0.0217506990950432,0.75,1017,3783
0.1261492480589113,0.6,1514,3286
0.1168218865861753,0.5,809,3991
0.1107770513622278,0.5,2109,2691
0.0211356481920483,0.55,1264,3536
0.0186556121136147,0.6,927,3873
0.0183848672948960,0.65,1094,3706
0.0195690204006552,0.65,123,4677
0.0205650546576721,0.7,1091,3709
0.0176039556357333,0.7,493,4307
0.0176807285298929,0.7,83,4717
0.0170711781461733,0.75,1366,3434
0.0210765151705731,0.75,1381,3419
0.0186189436807991,0.75,1250,3550
0.0197031110088119,0.75,1224,3576
0.0240292276201410,0.75,1455,3345
0.0194809754087255,0.75,1350,3450
0.0235744118199778,0.75,1513,3287
0.0196509465359468,0.75,1398,3402
0.0171898854734296,0.75,1178,3622
0.0211282358503040,0.75,1259,3541
0.0206988593890745,0.75,1288,3512
0.0214538420342658,0.75,1350,3450
0.0176910382325856,0.75,1175,3625
0.0169350849157516,0.75,1012,3788
0.0196055005872704,0.75,1059,3741
0.0201241487691221,0.75,1121,3679
0.0192594247778723,0.75,1112,3688
0.0153564211230790,0.75,875,3925
0.0175503017404646,0.75,846,3954
0.0194063159148535,0.75,937,3863
0.0209819600238432,0.75,1090,3710
0.0180619218080794,0.75,1021,3779
0.0194941168683163,0.75,1058,3742
0.0208323555823319,0.75,1162,3638
0.0218323056852166,0.75,1288,3512
0.0216463388241220,0.75,1362,3438
0.0204041562261400,0.75,1340,3460
0.0189542040108742,0.75,1241,3559
0.0171708253988469,0.75,1071,3729
0.0202154445822194,0.75,1134,3666
0.0225885259669341,0.75,1313,3487
0.0223073876087847,0.75,1416,3384
0.0208070670231011,0.75,1399,3401
0.0212979189835115,0.75,1416,3384
0.0219269087470922,0.75,1463,3337
0.0185667351007755,0.75,1302,3498
0.0180926189103052,0.75,1166,3634
0.0186138628130004,0.75,1104,3696
0.0253280932888743,0.75,1451,3349
0.0207368608495480,0.75,1418,3382
0.0180218742640996,0.75,1241,3559
0.0171463195270903,0.75,1069,3731
0.0181178100293669,0.75,1010,3790
0.0193376667046319,0.75,1042,3758
0.0185920615258439,0.75,1020,3780
0.0209550146047325,0.75,1143,3657
0.0190145576704677,0.75,1112,3688
0.0199099548645377,0.75,1144,3656
0.0193375359304827,0.75,1132,3668
0.0231166827148867,0.75,1342,3458
0.0196559769855045,0.75,1284,3516
0.0224210790651253,0.75,1403,3397
0.0212868085174827,0.75,1418,3382
0.0295322511241382,0.7,291,4509
0.0293326935839340,0.7,588,4212
0.0287976576934979,0.7,756,4044
0.0260554439331084,0.7,721,4079
0.0275973386956461,0.7,780,4020
0.0285636329817730,0.7,870,3930
0.0178033840486151,0.7,350,4450
0.0176727253245111,0.75,1584,3216
0.0206069205677102,0.75,1501,3299
0.0202193847826135,0.75,1422,3378
0.0196520698413033,0.75,1337,3463
0.0205998264836009,0.75,1334,3466
0.0253456838241801,0.7,3,4797
0.0293582121069492,0.7,401,4399
0.0273777525433747,0.7,555,4245
0.0211173875342782,0.7,316,4484
0.0195709754541220,0.7,67,4733
0.0189440145355968,0.75,1463,3337
0.0218872063695604,0.75,1492,3308
0.0206474754846538,0.75,1441,3359
0.0199044399286415,0.75,1364,3436
0.0227272237711955,0.75,1474,3326
0.0198405025179011,0.75,1383,3417
0.0181412811979662,0.75,1223,3577
0.0222272041022022,0.75,1352,3448
0.0227435434171182,0.75,1467,3333
0.0208038333268964,0.75,1433,3367
0.0249406455872302,0.7,45,4755
0.0247698499601634,0.7,175,4625
0.0218468934101993,0.7,100,4700
0.0213670610232794,0.7,22,4778
0.0194917648279302,0.75,1463,3337
0.0170768141028174,0.75,1216,3584
0.0187294091816286,0.75,1145,3655
0.0195708868522597,0.75,1146,3654
0.0174770454992903,0.75,1024,3776
0.0250787220348855,0.75,1384,3416
0.0273159400643898,0.7,146,4654
0.0303248499222599,0.7,547,4253
0.0295184283173804,0.7,767,4033
0.0307792156148759,0.7,980,3820
0.0318239826417563,0.7,1175,3625
0.0189239623982502,0.7,623,4177
0.0228295008194106,0.7,456,4344
0.0211857770740894,0.7,253,4547
0.0165085815647900,0.75,1451,3349
0.0166109734006345,0.75,1181,3619
0.0162237305131931,0.75,974,3826
0.0179790375535744,0.75,938,3862
0.0196392629957165,0.75,1011,3789
0.0190120369282669,0.75,1024,3776
0.0177511072221311,0.75,958,3842
0.0189855023879438,0.75,986,3814
0.0199364566283285,0.75,1062,3738
0.0221603743356478,0.75,1241,3559
0.0211066308616349,0.75,1299,3501
0.0187498498392778,0.75,1202,3598
0.0200806259632471,0.75,1214,3586
0.0184449984026617,0.75,1127,3673
0.0196567894539275,0.75,1139,3661
0.0204404430519844,0.75,1192,3608
0.0185294462752661,0.75,1117,3683
0.0172726970610130,0.75,993,3807
0.1289411430049378,0.55,21,4779
0.1301767809831886,0.5,1364,3436
0.1246563766628513,0.5,2931,1869
0.0239916114805453,0.5,400,4400
0.0245870697949872,0.55,126,4674
0.0284090195015638,0.6,532,4268
0.0207484529956670,0.65,922,3878
0.0222526629084869,0.65,137,4663
0.0208583803106960,0.7,1116,3684
0.0236360229685137,0.7,835,3965
0.0213277266922358,0.7,519,4281
0.0199610382108113,0.7,228,4572
0.0313264401468923,0.7,655,4145
0.0271279274883133,0.7,710,4090
0.0293002706666018,0.7,864,3936
0.0218289458154133,0.7,566,4234
0.0190377213383747,0.7,208,4592
0.0174612808955923,0.75,1474,3326
0.0200136865906044,0.75,1393,3407
0.0237370193969056,0.75,1550,3250
0.0232638140571212,0.7,28,4772
0.0217330760355758,0.75,1594,3206
0.0270645760273072,0.7,269,4531
0.0272551533254969,0.7,461,4339
0.0219096473145076,0.7,296,4504
0.0218343235312071,0.7,180,4620
0.0248060271056285,0.7,268,4532
0.0216347301502024,0.7,150,4650
0.0174362441334630,0.75,1433,3367
0.0203540915901854,0.75,1385,3415
0.0218734114459324,0.75,1439,3361
0.0198640614139484,0.75,1361,3439
0.0220647780146444,0.75,1434,3366
0.0222731947032451,0.75,1495,3305
0.0258991439386847,0.7,139,4661
0.0235592359413877,0.7,171,4629
0.0204390971444157,0.7,17,4783
0.0195625759249829,0.75,1464,3336
0.0189485440185430,0.75,1325,3475
0.0229484354580279,0.75,1460,3340
0.0208260068762265,0.75,1430,3370
0.0183054526245416,0.75,1265,3535
0.0189013310983383,0.75,1188,3612
0.0218297401118917,0.75,1305,3495
0.0225392767960738,0.75,1424,3376
0.0216542367659816,0.75,1453,3347
0.0216442823882810,0.75,1472,3328
0.0216389078826358,0.75,1484,3316
0.0178689406944824,0.75,1276,3524
0.0202442325925253,0.75,1273,3527
0.0229966659157840,0.75,1429,3371
0.0202652733732798,0.75,1377,3423
0.0216316816044417,0.75,1420,3380
0.0215443897818156,0.75,1444,3356
0.0186098921094944,0.75,1292,3508
0.0177734417347692,0.75,1140,3660
0.0198750168896656,0.75,1160,3640
0.0184430998262456,0.75,1091,3709
0.0191638054923148,0.75,1086,3714
0.0232710280405025,0.75,1321,3479
0.0138868601307490,0.75,932,3868
0.0140500749237260,0.75,674,4126
0.0144780802110472,0.75,524,4276
0.0192186791397916,0.75,713,4087
0.0180540175479200,0.75,767,4033
0.0195774045992193,0.75,895,3905
0.0172999938129376,0.75,844,3956
0.0181773784923419,0.75,862,3938
0.0196889199073190,0.75,964,3836
0.0160942984867887,0.75,819,3981
0.0158632147029915,0.75,707,4093
0.0179051429410311,0.75,755,4045
0.0215468529651401,0.75,1003,3797
0.0218056997733271,0.75,1182,3618
0.0190552953960336,0.75,1140,3660
0.0198685158452671,0.75,1160,3640
0.0166475154453328,0.75,985,3815
0.0165719882523559,0.75,862,3938
0.0226185084069317,0.75,1136,3664
0.0236300442595490,0.75,1375,3425
0.0228264601320405,0.75,1487,3313
0.0281193238974546,0.7,257,4543
0.0220497607960128,0.7,166,4634
0.0212635419292441,0.7,61,4739
0.0186533586903266,0.75,1441,3359
0.0199176615367600,0.75,1365,3435
0.0195756321424092,0.75,1294,3506
0.1253883369124421,0.55,17,4783
0.1364646926878264,0.5,1590,3210
0.1391307186218561,0.5,3548,1252
0.0227974042637257,0.5,827,3973
0.0214257482709585,0.55,311,4489
0.0193496968887059,0.6,256,4544
0.0186534052245391,0.65,622,4178
0.0197167077946310,0.7,1397,3403
0.0246900738689358,0.7,1083,3717
0.0204902286970850,0.7,644,4156
0.0198278945840388,0.7,305,4495
0.0180657147676428,0.75,1575,3225
0.0206629886480640,0.75,1498,3302
0.0182218613012719,0.75,1306,3494
0.0172538030987963,0.75,1120,3680
0.0172495541024617,0.75,993,3807
0.0183220383390943,0.75,971,3829
0.0205595451780804,0.75,1088,3712
0.0197908379865183,0.75,1120,3680
0.0202148646666545,0.75,1167,3633
0.0191116636637495,0.75,1134,3666
0.0218232329764901,0.75,1269,3531
0.0224218871713599,0.75,1394,3406
0.0202893979638004,0.75,1355,3445
0.0185871439211654,0.75,1230,3570
0.0174848297196407,0.75,1081,3719
0.0196726391776369,0.75,1109,3691
0.0921005011362227,0.6,54,4746
0.0872308915098875,0.55,371,4429
0.0929547612984828,0.5,178,4622
0.0172181861705965,0.6,1248,3552
0.0157440591179815,0.65,1202,3598
0.0165434258589351,0.65,48,4752
0.0194224773842127,0.7,979,3821
0.0222820083843100,0.7,669,4131
0.0254465940491370,0.7,629,4171
0.0190292662029734,0.7,252,4548
0.0185985946064292,0.75,1569,3231
0.0193607719414950,0.75,1419,3381
0.0208266124768117,0.75,1402,3398
0.0187699345621053,0.75,1273,3527
0.0174803822796541,0.75,1110,3690
0.0249931313231432,0.75,1436,3364
0.0266539203062758,0.7,143,4657
0.0325401465497329,0.7,665,4135
0.0168201807322343,0.7,153,4647
0.0165254819181531,0.75,1383,3417
0.0159907210463180,0.75,1098,3702
0.0157918553210137,0.75,892,3908
0.0174190158559902,0.75,849,3951
0.0191391041538509,0.75,923,3877
0.0231434744447789,0.75,1207,3593
0.0208991332490647,0.75,1264,3536
0.0194375985704754,0.75,1218,3582
0.0192119400887399,0.75,1174,3626
0.0225348207303465,0.75,1337,3463
0.0228395878898454,0.75,1463,3337
0.0264347710666467,0.7,148,4652
0.0264192016711371,0.7,335,4465
0.0252129927436597,0.7,393,4407
0.0163344466871541,0.75,1538,3262
0.0159922299665715,0.75,1204,3596
0.0186796701552253,0.75,1134,3666
0.0201880688865127,0.75,1175,3625
0.0233625108602078,0.75,1385,3415
0.0234879899166051,0.75,1531,3269
0.0180257599857332,0.75,1317,3483
0.0215285269986132,0.75,1374,3426
0.0197683124204091,0.75,1311,3489
0.0186176509029826,0.75,1203,3597
0.0184650411045365,0.75,1120,3680
0.0185159539633924,0.75,1068,3732
0.0220042292125471,0.75,1236,3564
0.0194227138963994,0.75,1198,3602
0.0180473089720636,0.75,1093,3707
0.0174354938112225,0.75,986,3814
0.0217376862947027,0.75,1166,3634
0.0207507423964444,0.75,1229,3571
0.0200902578018460,0.75,1232,3568
0.0175187552505952,0.75,1085,3715
0.0182450676027209,0.75,1028,3772
0.0163044943520137,0.75,875,3925
0.0202633751272845,0.75,1007,3793
0.0206114146803563,0.75,1114,3686
0.0224362680758659,0.75,1292,3508
0.0216332984459803,0.75,1363,3437
0.0200743669630935,0.75,1322,3478
0.0188998900881568,0.75,1226,3574
0.0222221905626581,0.75,1353,3447
0.0285368993504105,0.7,194,4606
0.0169815550088129,0.75,1437,3363
0.0188514148932540,0.75,1301,3499
0.0192656735023465,0.75,1233,3567
0.0181588679088077,0.75,1123,3677
0.0209624408689910,0.75,1212,3588
0.0218603464625913,0.75,1323,3477
0.0234434243858695,0.75,1488,3312
0.0211225993200704,0.75,1465,3335
0.0197535365687601,0.75,1372,3428
0.0257312536643092,0.7,49,4751
0.0215884649309120,0.7,0,4800
0.0198460918156332,0.75,1468,3332
0.0181737309991893,0.75,1283,3517
0.0200911321060876,0.75,1269,3531
0.0242468617555582,0.75,1497,3303
0.0210705547711393,0.75,1469,3331
0.0208083963313609,0.75,1435,3365
0.0177037996504616,0.75,1233,3567
0.0195886776561387,0.75,1206,3594
0.0208046326580432,0.75,1259,3541
0.0204716398344021,0.75,1274,3526
0.0245938594671079,0.75,1521,3279
0.0288623086926625,0.7,321,4479
0.0236361074125442,0.7,297,4503
0.0207582092863663,0.7,121,4679
0.0226929140398170,0.7,110,4690
0.0221174076505088,0.7,71,4729
0.0180211532569862,0.75,1412,3388
0.0207141873539887,0.75,1391,3409
0.0193240600142841,0.75,1297,3503
0.0223326594492932,0.75,1407,3393
0.0215104353494946,0.75,1433,3367
0.0187299598883704,0.75,1292,3508
0.0218679629600532,0.75,1377,3423
0.0213113518307027,0.75,1402,3398
0.0210892071685209,0.75,1406,3394
0.0255331979247511,0.7,60,4740
0.0275116308616099,0.7,337,4463
0.0317367090106548,0.7,748,4052
0.0273207399958334,0.7,783,4017
0.0242225422399371,0.7,640,4160
0.0229800424360681,0.7,476,4324
0.0253222716507092,0.7,494,4306
0.0193713696700779,0.7,177,4623
0.0186291509568607,0.75,1520,3280
0.0168422566391267,0.75,1241,3559
0.0162830776588657,0.75,1018,3782
0.0182442076160878,0.75,983,3817
0.0314658411908804,0.7,120,4680
0.0245290804933963,0.7,212,4588
0.0249732454561057,0.7,298,4502
0.0180922904147149,0.75,1572,3228
0.0178623987649675,0.75,1335,3465
0.0200443526537208,0.75,1301,3499
0.0227566679813529,0.75,1434,3366
0.0200706275814617,0.75,1369,3431
0.0171828607376494,0.75,1158,3642
0.0201528892123777,0.75,1189,3611
0.0237245926812499,0.75,1415,3385
0.0225454279629801,0.75,1497,3303
0.0230159036887472,0.75,1579,3221
0.0226548930262686,0.7,13,4787
0.0195916482962216,0.75,1463,3337
0.0174368656408331,0.75,1237,3563
0.0203836492118231,0.75,1255,3545
0.0208691867740827,0.75,1295,3505
0.0197098987989552,0.75,1255,3545
0.0189501296704190,0.75,1183,3617
0.0177919036746351,0.75,1068,3732
0.0205520369119348,0.75,1152,3648
0.0195446109962605,0.75,1149,3651
0.0224572487323947,0.75,1316,3484
0.0199679271130128,0.75,1284,3516
0.0224709804639382,0.75,1406,3394
0.0224665346685698,0.75,1487,3313
0.0172215514976015,0.75,1241,3559
0.0188542565274148,0.75,1169,3631
0.0208531006140770,0.75,1236,3564
0.0171575259467591,0.75,1067,3733
0.0187291396489118,0.75,1044,3756
0.0197563126830093,0.75,1089,3711
0.0194905960898192,0.75,1104,3696
0.0180216215650655,0.75,1028,3772
0.0169038745170621,0.75,910,3890
0.0193856398229270,0.75,978,3822
0.0211001810795629,0.75,1124,3676
0.0195260646349487,0.75,1130,3670
0.0380440770178651,0.7,573,4227
0.0343014587063433,0.7,1038,3762
0.0281566372352846,0.7,1022,3778
0.0191489312458509,0.7,529,4271
0.0206342977968679,0.7,272,4528
0.0193718710257990,0.7,26,4774
0.0197626776079812,0.75,1481,3319
0.0200009099105652,0.75,1397,3403
0.0178373591142196,0.75,1215,3585
0.0224115771427863,0.75,1357,3443
0.0218096446641032,0.75,1417,3383
0.0186552237084821,0.75,1276,3524
0.0154807992799093,0.75,995,3805
0.0156905604679232,0.75,816,3984
0.0169269888266573,0.75,769,4031
0.0216669480247205,0.75,1019,3781
0.0204883322176644,0.75,1116,3684
0.0182697167488018,0.75,1050,3750
0.0172594274082405,0.75,946,3854
0.0188119584780749,0.75,969,3831
0.0203159976887400,0.75,1072,3728
0.0185870972949267,0.75,1039,3761
0.0190782903561751,0.75,1047,3753
0.0192517436540116,0.75,1061,3739
0.0185447647889478,0.75,1030,3770
0.0178995492060023,0.75,971,3829
0.0209172901487719,0.75,1108,3692
0.0220357535235623,0.75,1265,3535
0.0195884585422879,0.75,1227,3573
0.0193829200129273,0.75,1190,3610
0.0209624257873458,0.75,1257,3543
0.0179240516519472,0.75,1126,3674
0.0165658659959532,0.75,956,3844
0.0186227346692421,0.75,964,3836
0.0211511470040255,0.75,1118,3682
0.0210039464444199,0.75,1211,3589
0.0235566271684701,0.75,1420,3380
0.0224701356081062,0.75,1497,3303
0.0259110953845176,0.7,141,4659
0.0224680434377405,0.7,111,4689
0.0210162462659046,0.7,10,4790
0.0204088059825619,0.75,1507,3293
0.0185222835450645,0.75,1329,3471
0.0163996297192742,0.75,1085,3715
0.0199674075405006,0.75,1129,3671
0.0234541708039608,0.75,1360,3440
0.0227674034480920,0.75,1474,3326
0.0261917225715059,0.7,142,4658
0.0171680025291472,0.75,1412,3388
0.0202687804246549,0.75,1366,3434
0.0224927130794638,0.75,1462,3338
0.0167401121609639,0.75,1196,3604
0.0176501456360189,0.75,1068,3732
0.0172155121351180,0.75,956,3844
0.0219575209833507,0.75,1159,3641
0.0183538210633484,0.75,1085,3715
0.0181137485308331,0.75,1020,3780
0.0220555608323594,0.75,1207,3593
0.0191840784790906,0.75,1165,3635
0.0183856035597238,0.75,1091,3709
0.0202858414507045,0.75,1151,3649
0.0196340548770282,0.75,1154,3646
0.0224152671302680,0.75,1317,3483
0.0331057887356541,0.7,422,4378
0.0378159277910320,0.7,1125,3675
0.0344538294134353,0.7,1407,3393
0.0174896042045987,0.7,707,4093
0.0160967769278626,0.7,142,4658
0.0176023568928685,0.75,1437,3363
0.0171975704639524,0.75,1205,3595
0.0197486162965764,0.75,1197,3603
0.0204181604117203,0.75,1230,3570
0.0184955155507426,0.75,1141,3659
0.0195823936745839,0.75,1144,3656
0.0187328820398949,0.75,1096,3704
0.0236870795584648,0.75,1352,3448
0.0211478894275415,0.75,1376,3424
0.0181525332625941,0.75,1219,3581
0.0221671493109127,0.75,1346,3454
0.0204603223336754,0.75,1332,3468
0.0193073959316738,0.75,1256,3544
0.0184178081669170,0.75,1154,3646
0.0177655799219526,0.75,1046,3754
0.0172224643192665,0.75,942,3858
0.0232839137976820,0.75,1227,3573
0.0192644409377065,0.75,1183,3617
0.0197006627868732,0.75,1179,3621
0.0210693064267377,0.75,1256,3544
0.0220842985076718,0.75,1365,3435
0.0238338899092062,0.75,1538,3262
0.0215015420288222,0.75,1520,3280
0.0195956242689215,0.75,1400,3400
0.0237598803380358,0.75,1556,3244
0.0219148874796145,0.75,1556,3244
0.0196381410324928,0.75,1427,3373
0.0173710388465654,0.75,1208,3592
0.0230013216101280,0.75,1386,3414
0.0207551419608652,0.75,1376,3424
0.0195677818713347,0.75,1301,3499
0.0229952815257131,0.75,1448,3352
0.0207919232194124,0.75,1419,3381
0.0203374053005381,0.75,1375,3425
0.0184017306158681,0.75,1233,3567
0.0199692126128497,0.75,1228,3572
0.0211385135465875,0.75,1292,3508
0.0203742086326870,0.75,1291,3509
0.0212126340373793,0.75,1339,3461
0.0256602969846544,0.7,23,4777
0.0181820167229236,0.75,1389,3411
0.0209626173226776,0.75,1390,3410
0.0207413627465430,0.75,1378,3422
0.0198336208216130,0.75,1318,3482
0.0183846586472425,0.75,1193,3607
0.0196112531535682,0.75,1181,3619
0.0190977118788587,0.75,1142,3658
0.0212329190446236,0.75,1241,3559
0.0183572972787122,0.75,1140,3660
0.0282601523926588,0.7,40,4760
0.0242854842145989,0.7,145,4655
0.0239892664141494,0.7,199,4601
0.0187530910515266,0.75,1541,3259
0.0219437171507753,0.75,1548,3252
0.0217246866769977,0.75,1540,3260
0.0215826403459179,0.75,1526,3274
0.0189199074744895,0.75,1365,3435
0.0176418200942835,0.75,1182,3618
0.0178609493132406,0.75,1071,3729
0.0202050897462441,0.75,1134,3666
0.0188775078638415,0.75,1098,3702
0.0169798970981396,0.75,962,3838
0.0191729832328520,0.75,1000,3800
0.0244687798167815,0.75,1334,3466
0.0208931393899964,0.75,1349,3451
0.0203104975844513,0.75,1326,3474
0.0190232435084696,0.75,1236,3564
0.0209801970244062,0.75,1288,3512
0.0215305417166991,0.75,1355,3445
0.0256079725174019,0.7,31,4769
0.0217903340934441,0.75,1599,3201
0.0227235286273591,0.7,31,4769
0.0201033876391083,0.75,1504,3296
0.0217190181995105,0.75,1510,3290
0.0190404299806947,0.75,1361,3439
0.0181220649360077,0.75,1207,3593
0.0188898516383328,0.75,1148,3652
0.0177938992389161,0.75,1044,3756
0.0201199067887342,0.75,1111,3689
0.0191076121189461,0.75,1096,3704
0.0230645498118816,0.75,1316,3484
0.0217420356748649,0.75,1386,3414
0.0221611847639034,0.75,1456,3344
0.0188102296416723,0.75,1312,3488
0.0188582693109795,0.75,1217,3583
0.0248877378709445,0.75,1499,3301
0.0241448514840396,0.7,44,4756
0.0222613062812636,0.7,35,4765
0.0257627744895331,0.7,224,4576
0.0218801722799267,0.7,134,4666
0.0205136510353215,0.75,1597,3203
0.0207853963583976,0.75,1519,3281
0.0197064285353496,0.75,1406,3394
0.0229712130562448,0.75,1516,3284
0.0214654094153536,0.75,1503,3297
0.0180795961134808,0.75,1302,3498
0.0164157379053356,0.75,1067,3733
0.0226904256055282,0.75,1275,3525
0.0189637474551367,0.75,1198,3602
0.0178522212143519,0.75,1082,3718
0.0203453689294364,0.75,1149,3651
0.0211574982896640,0.75,1241,3559
0.0254037705737075,0.75,1545,3255
0.0178435179239956,0.75,1316,3484
0.0222550406380249,0.75,1415,3385
0.0213009956781607,0.75,1427,3373
0.0194289650795890,0.75,1327,3473
0.0199907521991665,0.75,1293,3507
0.0190053420438532,0.75,1212,3588
0.0368750220250395,0.7,562,4238
0.0340618412369712,0.7,1018,3782
0.0291607208249248,0.7,1061,3739
0.0224039597179176,0.7,732,4068
0.0218791446625433,0.7,478,4322
0.0213483849917494,0.7,277,4523
0.0193348425847491,0.7,27,4773
0.0200730219053347,0.75,1499,3301
0.0213769873466565,0.75,1488,3312
0.0183986451643843,0.75,1309,3491
0.0191101548188713,0.75,1230,3570
0.0199707457653925,0.75,1226,3574
0.0187137252025986,0.75,1150,3650
0.0195813181663230,0.75,1150,3650
0.0209613021730911,0.75,1230,3570
0.0183721098826322,0.75,1134,3666
0.0213820485402974,0.75,1244,3556
0.0213510166238527,0.75,1315,3485
0.0329743771954473,0.7,414,4386
0.0302616831760047,0.7,719,4081
0.0290182887820695,0.7,855,3945
0.0225999817379664,0.7,601,4199
0.0226839676390235,0.7,434,4366
0.0215013763695838,0.7,255,4545
0.0191065981091007,0.75,1599,3201
0.0204549130034245,0.75,1502,3298
0.0200028101700908,0.75,1411,3389
0.0196160885277637,0.75,1328,3472
0.0236646971722094,0.75,1503,3297
0.0228614092238557,0.75,1574,3226
0.0210113080624521,0.75,1517,3283
0.0186134610624778,0.75,1341,3459
0.0171582325626249,0.75,1138,3662
0.0207889827052606,0.75,1212,3588
0.0230644390008085,0.75,1393,3407
0.0253032588735916,0.7,39,4761
0.0202731780946851,0.75,1519,3281
0.0190214016815139,0.75,1366,3434
0.0177422152621179,0.75,1189,3611
0.0208935884110312,0.75,1252,3548
0.0209300880781015,0.75,1296,3504
0.0182705878460811,0.75,1172,3628
0.0206270925394531,0.75,1226,3574
0.0176365756232427,0.75,1087,3713
0.0181438721029337,0.75,1024,3776
0.0209820593979412,0.75,1147,3653
0.0187711337579359,0.75,1101,3699
0.0203905128796181,0.75,1164,3636
0.0215895485542507,0.75,1276,3524
0.0188560110762661,0.75,1193,3607
0.0184242756599402,0.75,1111,3689
0.0198831733324456,0.75,1142,3658
0.0190769323264311,0.75,1115,3685
0.0167185092662993,0.75,958,3842
0.0179451251835686,0.75,925,3875
0.0190234633523910,0.75,967,3833
0.0215397564188517,0.75,1142,3658
0.0189197649916601,0.75,1106,3694
0.0181442997023497,0.75,1037,3763
0.0192562580373875,0.75,1055,3745
0.0199607261193941,0.75,1109,3691
0.0186345761896237,0.75,1067,3733
0.0173680617377877,0.75,964,3836
0.0213720138218939,0.75,1131,3669
0.0195601146458104,0.75,1136,3664
0.0189504846605881,0.75,1104,3696
0.0191594737177087,0.75,1094,3706
0.0179101720681171,0.75,1015,3785
0.0172657182783795,0.75,923,3877
0.0183455787067885,0.75,925,3875
0.0175655768335994,0.75,880,3920
0.0176848217783913,0.75,858,3942
0.0194818961380853,0.75,949,3851
0.0185490705151709,0.75,955,3845
0.0189727482225513,0.75,984,3816
0.0191027577128909,0.75,1011,3789
0.0155912462582285,0.75,820,3980
0.0172750255229506,0.75,793,4007
0.0188440138155968,0.75,868,3932
0.0180199770222166,0.75,869,3931
0.0203712831574834,0.75,1009,3791
0.0209161897187606,0.75,1134,3666
0.0198727717273789,0.75,1156,3644
0.0205118664168916,0.75,1208,3592
0.0200969462681549,0.75,1219,3581
0.0257006456145389,0.75,1547,3253
0.0234189224470702,0.7,35,4765
0.0242241339759804,0.7,138,4662
0.0229163925555149,0.7,135,4665
0.0200705454404877,0.75,1572,3228
0.0232359313498519,0.7,41,4759
0.0207348947732244,0.75,1546,3254
0.0186565878080029,0.75,1364,3436
0.0208339479753279,0.75,1366,3434
0.0176052027363857,0.75,1181,3619
0.0173832744491697,0.75,1042,3758
0.0258440910478742,0.75,1440,3360
0.0228959495417290,0.75,1534,3266
0.0214654039007506,0.75,1516,3284
0.0272071275940390,0.7,226,4574
0.0224450057969090,0.7,167,4633
0.0220850920266619,0.7,107,4693
0.0224307609522501,0.7,86,4714
0.0192544790230597,0.75,1493,3307
0.0190543482136209,0.75,1351,3449
0.0186531638851308,0.75,1231,3569
0.0187701131465272,0.75,1157,3643
0.0179718192356953,0.75,1061,3739
0.0200203276410567,0.75,1116,3684
0.0188951117421760,0.75,1087,3713
0.0174812213660841,0.75,985,3815
0.0202663428682673,0.75,1080,3720
0.0210653787355144,0.75,1189,3611
0.0233917429422981,0.75,1396,3404
0.0214682402441526,0.75,1424,3376
0.0190847882962090,0.75,1305,3495
0.0181387658188374,0.75,1171,3629
0.0189026385107916,0.75,1124,3676
0.0185896690766353,0.75,1075,3725
0.0180314133259876,0.75,1009,3791
0.0197569214269918,0.75,1066,3734
0.0202407212956639,0.75,1132,3668
0.0212219815393164,0.75,1233,3567
0.0173133195465691,0.75,1074,3726
0.0207299230446695,0.75,1166,3634
0.0186238895066153,0.75,1105,3695
0.0190123266464113,0.75,1086,3714
0.0201846985136318,0.75,1143,3657
0.0207840342143850,0.75,1215,3585
0.0183031248944471,0.75,1119,3681
0.0196611312091786,0.75,1134,3666
0.0204585348409308,0.75,1190,3610
0.0216905515137547,0.75,1299,3501
0.0210187213029800,0.75,1333,3467
0.0229633703018574,0.75,1467,3333
0.0205906946202542,0.75,1421,3379
0.0196399505560991,0.75,1335,3465
0.0169154797101371,0.75,1120,3680
0.0183016375980937,0.75,1055,3745
0.0209116477105125,0.75,1164,3636
0.0210640746089321,0.75,1245,3555
0.0188925928896030,0.75,1174,3626
0.0219019453585998,0.75,1301,3499
0.0216298067573023,0.75,1369,3431
0.0217060242087733,0.75,1419,3381
0.0199981356757402,0.75,1355,3445
0.0224278821457974,0.75,1451,3349
0.0186631221481554,0.75,1299,3501
0.0197266211602991,0.75,1259,3541
0.0202397546202694,0.75,1261,3539
0.0178209708562844,0.75,1122,3678
0.0203337427792549,0.75,1175,3625
0.0198323824484464,0.75,1181,3619
0.0167870649897368,0.75,1008,3792
0.0106292999324928,0.75,518,4282
0.0115319813220964,0.75,236,4564
0.0206183068319494,0.75,608,4192
0.0211044069237069,0.75,880,3920
0.0189971780825540,0.75,935,3865
0.0180017562227069,0.75,913,3887
0.0180760682055311,0.75,903,3897
0.0204070441349594,0.75,1034,3766
0.0181967927688519,0.75,991,3809
0.0191316240627330,0.75,1017,3783
0.0187024358474519,0.75,1009,3791
0.0198088872450598,0.75,1069,3731
0.0173956832750500,0.75,967,3833
0.0198606806692654,0.75,1044,3756
0.0250633149621896,0.75,1397,3403
0.0313591915309120,0.7,378,4422
0.0300080846113727,0.7,682,4118
0.0251262529433860,0.7,621,4179
0.0239294169968303,0.7,515,4285
0.0217244090820368,0.7,322,4478
0.0191785969603025,0.7,50,4750
0.0185656492051756,0.75,1429,3371
0.0210559320174987,0.75,1422,3378
0.0213956218401843,0.75,1437,3363
0.0219192169157416,0.75,1476,3324
0.0241208327441848,0.7,27,4773
0.0231294985642458,0.7,72,4728
0.0200786116426812,0.75,1530,3270
0.0188579553248720,0.75,1365,3435
0.0207999322716811,0.75,1364,3436
0.0187576394973996,0.75,1246,3554
0.0178365769743554,0.75,1113,3687
0.0191984425941904,0.75,1103,3697
0.0207179687366829,0.75,1185,3615
0.0185429083143923,0.75,1113,3687
0.0201040178114724,0.75,1156,3644
0.0197339701252732,0.75,1163,3637
0.0177755268511536,0.75,1053,3747
0.0198937732952356,0.75,1103,3697
0.0208872919423088,0.75,1195,3605
0.0218877616067289,0.75,1313,3487
0.0289339602811038,0.7,190,4610
0.0365941789168635,0.7,912,3888
0.0442247251316926,0.65,165,4635
0.0205708170944631,0.7,1121,3679
0.0167380744816647,0.7,467,4333
0.0167721073465644,0.7,13,4787
0.0209734965854641,0.75,1541,3259
0.0190528985002278,0.75,1383,3417
0.0181446475589197,0.75,1224,3576
0.0196292708813344,0.75,1202,3598
0.0191837937819161,0.75,1162,3638
0.0199448122949074,0.75,1179,3621
0.0192935814790992,0.75,1153,3647
0.0211083059949361,0.75,1241,3559
0.0247692500323883,0.75,1508,3292
0.0180275802354966,0.75,1302,3498
0.0185726777370153,0.75,1194,3606
0.0217792088493261,0.75,1306,3494
0.0211946387116861,0.75,1348,3452
0.0198127935578678,0.75,1296,3504
0.0186908426299680,0.75,1197,3603
0.0201910728081320,0.75,1217,3583
0.0186787395915118,0.75,1142,3658
0.0192846479209005,0.75,1127,3673
0.0183425225814985,0.75,1062,3738
0.0182800195868976,0.75,1015,3785
0.0191278665200174,0.75,1033,3767
0.0191699447354751,0.75,1048,3752
0.0212005760497436,0.75,1176,3624
0.0253971881618369,0.75,1502,3298
0.0234157293096065,0.7,5,4795
0.0185562200099129,0.75,1398,3402
0.0189689515965916,0.75,1281,3519
0.0203688747976033,0.75,1284,3516
0.0202521562630622,0.75,1278,3522
0.0192268895156826,0.75,1216,3584
0.0197759108895764,0.75,1205,3595
0.0212379613721150,0.75,1283,3517
0.0215342529333270,0.75,1352,3448
0.0197968564143618,0.75,1298,3502
0.0182251840910658,0.75,1171,3629
0.0190365339158460,0.75,1132,3668
0.0182602099298366,0.75,1061,3739
0.0195458530794172,0.75,1088,3712
0.0189872063681736,0.75,1074,3726
0.0243970998249824,0.75,1378,3422
0.0186532012967000,0.75,1250,3550
0.0179642555419860,0.75,1123,3677
0.0214006912078740,0.75,1237,3563
0.0219116635859905,0.75,1343,3457
0.0222933159745666,0.75,1435,3365
0.0184355582617741,0.75,1276,3524
0.0185029398461903,0.75,1172,3628
0.0199877795281051,0.75,1188,3612
0.0216130174473602,0.75,1293,3507
0.0199043221180275,0.75,1265,3535
0.0197340844362626,0.75,1236,3564
0.0183817305077982,0.75,1138,3662
0.0211629799368571,0.75,1234,3566
0.0192716410720980,0.75,1188,3612
0.0173068453802258,0.75,1043,3757
0.0213053239848844,0.75,1179,3621
0.0251667216113666,0.75,1491,3309
0.0206574824619247,0.75,1441,3359
0.0203316058506818,0.75,1388,3412
0.0185708719668450,0.75,1252,3548
0.0227939518476768,0.75,1403,3397
0.0213478140430085,0.75,1422,3378
0.0203632713225684,0.75,1377,3423
0.0195350126372211,0.75,1300,3500
0.0187881222632380,0.75,1205,3595
0.0184013697685243,0.75,1118,3682
0.0192205021853564,0.75,1108,3692
0.0196195433839168,0.75,1124,3676
0.0198770613238153,0.75,1150,3650
0.0204351324204374,0.75,1199,3601
0.0190992725351539,0.75,1155,3645
0.0177370110163682,0.75,1046,3754
0.0200077027461852,0.75,1105,3695
0.0244541221307175,0.75,1402,3398
0.0231110191101216,0.75,1521,3279
0.0194759905379540,0.75,1393,3407
0.0192608476035315,0.75,1295,3505
0.0178003272216596,0.75,1144,3656
0.0214259558063167,0.75,1253,3547
0.0187623661040617,0.75,1172,3628
0.0192621720262439,0.75,1146,3654
0.0196464705721585,0.75,1151,3649
0.0159915718694817,0.75,940,3860
0.0178701855477618,0.75,908,3892
0.0216542367659816,0.75,1110,3690
0.0216442823882810,0.75,1243,3557
0.0216389078826358,0.75,1331,3469
0.0210775431061236,0.75,1358,3442
0.0211410724467923,0.75,1379,3421
0.0187850291112339,0.75,1258,3542
0.0183670808801006,0.75,1152,3648
0.0208851054146216,0.75,1227,3573
0.0202186337011348,0.75,1239,3561
0.0182281199093509,0.75,1131,3669
0.0183839450134702,0.75,1067,3733
0.0196208350342638,0.75,1097,3703
0.0212726206538264,0.75,1213,3587
0.0196262087678132,0.75,1195,3605
0.0201111132976436,0.75,1211,3589
0.1099930489299614,0.6,911,3889
0.1048610334878495,0.55,1595,3205
0.0992064731745186,0.5,1181,3619
0.0192150214062113,0.55,485,4315
0.0198675182212350,0.6,407,4393
0.0188932211702518,0.65,742,4058
0.0178025604061082,0.7,1384,3416
0.0155383352851234,0.7,586,4214
0.0155710488597835,0.7,28,4772
0.0238123805592328,0.7,111,4689
0.0218257372222837,0.7,55,4745
0.0187212692697884,0.75,1441,3359
0.0186905371403052,0.75,1295,3505
0.0169531668745028,0.75,1094,3706
0.0166255643147724,0.75,939,3861
0.0215336182908817,0.75,1123,3677
0.0202324241913170,0.75,1170,3630
0.0177037759842920,0.75,1054,3746
0.0203758260450089,0.75,1132,3668
0.0195636854430062,0.75,1137,3663
0.0204001053358775,0.75,1189,3611
0.0250584908451517,0.75,1491,3309
0.0209512834448561,0.75,1458,3342
0.0213178172432308,0.75,1456,3344
0.0214267764092775,0.75,1461,3339
0.0205597669835739,0.75,1415,3385
0.0230546311573198,0.75,1527,3273
0.0181574989829608,0.75,1322,3478
0.0228946224485607,0.75,1456,3344
0.0243765292164161,0.7,28,4772
0.0183208998615788,0.75,1400,3400
0.0177974976739666,0.75,1215,3585
0.0204818173795069,0.75,1246,3554
0.0204657531152575,0.75,1266,3534
0.0186327465069880,0.75,1172,3628
0.0192633955552649,0.75,1147,3653
0.0164031341261178,0.75,961,3839
0.0171524127477334,0.75,880,3920
0.0176891654170167,0.75,857,3943
0.1013639578954241,0.6,346,4454
0.0967278439217312,0.55,936,3864
0.1002251445581803,0.5,806,3994
0.1296428294717224,0.5,2758,2042
0.1323739064485705,0.5,4052,748
0.1190482970111892,0.5,4463,337
0.0174918979462546,0.5,1342,3458
0.0191160520962785,0.55,602,4198
0.0194405783801874,0.6,473,4327
0.0175175938341603,0.65,723,4077
0.0196542862394555,0.7,1465,3335
0.0237549374533617,0.7,1080,3720
0.0217409126947668,0.7,709,4091
0.0197487163376330,0.7,346,4454
0.0219463732199129,0.7,220,4580
0.0172225304770287,0.75,1469,3331
0.0168777452394516,0.75,1209,3591
0.0188550397490558,0.75,1147,3653
0.0176291291435328,0.75,1034,3766
0.0192450333524009,0.75,1053,3747
0.0257872428025070,0.75,1443,3357
0.0191070321300955,0.75,1320,3480
0.0220940277061892,0.75,1409,3391
0.0223699391876644,0.75,1483,3317
0.0212678304842621,0.75,1471,3329
0.0197649280408948,0.75,1376,3424
0.0178500672130778,0.75,1202,3598
0.0212140316982842,0.75,1279,3521
0.0217277617080768,0.75,1360,3440
0.0216785348204437,0.75,1412,3388
0.0193488109637242,0.75,1313,3487
0.0191358711982212,0.75,1233,3567
0.0187551547863065,0.75,1158,3642
0.0227245747189888,0.75,1337,3463
0.0200957729059633,0.75,1305,3495
0.0176849246853234,0.75,1144,3656
0.0176147390645400,0.75,1031,3769
0.0162808155360332,0.75,875,3925
0.0168740286981231,0.75,806,3994
0.0187249252916605,0.75,869,3931
0.0213084764308122,0.75,1064,3736
0.0214375529702630,0.75,1201,3599
0.0178262619172842,0.75,1082,3718
0.0208363534548382,0.75,1178,3622
0.0240937001422201,0.75,1429,3371
0.0167300831602745,0.75,1172,3628
0.0202303041935246,0.75,1203,3597
0.0178404304639496,0.75,1084,3716
0.0160311294108321,0.75,896,3904
0.0244093796987762,0.75,1263,3537
0.0218964966480989,0.75,1359,3441
0.0225697965002316,0.75,1462,3338
0.0190656848247380,0.75,1330,3470
0.0279680350005051,0.7,147,4653
0.0246484097997656,0.7,237,4563
0.0233718934117511,0.7,226,4574
0.0181614135329813,0.75,1526,3274
0.0184087656679478,0.75,1336,3464
0.0206370977402598,0.75,1336,3464
0.0198826699865547,0.75,1292,3508
0.0194109594711115,0.75,1236,3564
0.0181527181787332,0.75,1124,3676
0.0185428003565594,0.75,1072,3728
0.0204361396128124,0.75,1148,3652
0.0232802078458796,0.75,1362,3438
0.0199613132531530,0.75,1315,3485
0.0208942251247516,0.75,1336,3464
0.1110618084045099,0.6,1022,3778
0.1101114876075659,0.5,264,4536
0.0194640035374028,0.6,1408,3392
0.0198267826196389,0.65,1511,3289
0.0203349039624252,0.65,458,4342
0.0219273871814937,0.7,1396,3404
0.0227037757705149,0.7,977,3823
0.0213896453249660,0.7,620,4180
0.0262635582948900,0.7,640,4160
0.0213783706665351,0.7,389,4411
0.0207867406626227,0.7,185,4615
0.0221548364385159,0.7,123,4677
0.0185771508577108,0.75,1480,3320
0.0182610475582846,0.75,1296,3504
0.0213578612079955,0.75,1350,3450
0.0215313094913053,0.75,1397,3403
0.0178992529354181,0.75,1219,3581
0.0198675278772307,0.75,1213,3587
0.0190606160566791,0.75,1162,3638
0.0211066640331648,0.75,1246,3554
0.0190339850119761,0.75,1183,3617
0.0171895721491597,0.75,1032,3768
0.0193459568828199,0.75,1057,3743
0.0209532862718711,0.75,1168,3632
0.0220642700004108,0.75,1306,3494
0.0183580417545088,0.75,1184,3616
0.0173969328170628,0.75,1045,3755
0.0199687116919158,0.75,1102,3698
0.0197701462367425,0.75,1129,3671
0.0209910940133120,0.75,1218,3582
0.0207847769485311,0.75,1265,3535
0.0237801775639032,0.75,1469,3331
0.0181895552497256,0.75,1284,3516
0.0164346051225194,0.75,1057,3743
0.0220033409091600,0.75,1229,3571
0.0205820262206522,0.75,1261,3539
0.0233506231059775,0.75,1441,3359
0.0187565455425561,0.75,1298,3502
0.0209047647447218,0.75,1326,3474
0.0194010388538533,0.75,1258,3542
0.0200284247691700,0.75,1248,3552
0.0209988570495027,0.75,1298,3502
0.0226567094487779,0.75,1426,3374
0.0161750011859070,0.75,1138,3662
0.0219317868652706,0.75,1279,3521
0.0200415165631150,0.75,1263,3537
0.0177217622616486,0.75,1118,3682
0.0226148059533412,0.75,1304,3496
0.0203460489702078,0.75,1298,3502
0.0188836329415476,0.75,1209,3591
0.0212673908461048,0.75,1287,3513
0.0207439988242276,0.75,1309,3491
0.0233425882822275,0.75,1473,3327
0.0257282872086579,0.7,115,4685
0.0166023004690500,0.75,1361,3439
0.0179558943497161,0.75,1198,3602
0.0177327393800531,0.75,1074,3726
0.0197074304245511,0.75,1107,3693
0.0205727144931128,0.75,1179,3621
0.0187760753128348,0.75,1122,3678
0.0193325153462445,0.75,1117,3683
0.0194798254209887,0.75,1122,3678
0.0219673462842560,0.75,1270,3530
0.0256802010959043,0.75,1579,3221
0.0196496050342545,0.75,1443,3357
0.0183207168934735,0.75,1274,3526
0.0214368530260847,0.75,1341,3459
0.0181771377839568,0.75,1197,3603
0.0172156173490239,0.75,1043,3757
0.0180401116174692,0.75,988,3812
0.0175523812065703,0.75,922,3878
0.0195858129611549,0.75,998,3802
0.0212934475864864,0.75,1148,3652
0.0230358702725774,0.75,1349,3451
0.0181726932974965,0.75,1202,3598
0.0187380261297963,0.75,1136,3664
0.0218577051282078,0.75,1273,3527
0.0179004819853387,0.75,1135,3665
0.0211297066986577,0.75,1230,3570
0.0203108697474429,0.75,1246,3554
0.0193512831041171,0.75,1201,3599
0.0209711854002288,0.75,1265,3535
0.0198116502719272,0.75,1240,3560
0.0193349818444555,0.75,1196,3604
0.0228077051696007,0.75,1367,3433
0.0190964904261990,0.75,1268,3532
0.0209938690693824,0.75,1311,3489
0.0199169033736402,0.75,1277,3523
0.0177986639891031,0.75,1132,3668
0.0214299146021327,0.75,1245,3555
0.0312839202458115,0.7,276,4524
0.0287020319114936,0.7,545,4255
0.0206657860652645,0.7,284,4516
0.0176787981179365,0.75,1539,3261
0.0243514843576603,0.7,82,4718
0.0231175424395664,0.7,108,4692
0.0199818347218329,0.75,1549,3251
0.0176846432005006,0.75,1310,3490
0.1309600387893867,0.55,259,4541
0.1292132710656654,0.5,1467,3333
0.0187598366093582,0.55,682,4118
0.0190423328737467,0.6,514,4286
0.0186498760996177,0.65,808,3992
0.0206035353639346,0.7,1573,3227
0.0170730741592283,0.7,802,3998
0.0171432952111214,0.7,266,4534
0.0176479761195807,0.75,1525,3275
0.0215425849533728,0.75,1514,3286
0.0176749484339940,0.75,1285,3515
0.0182117590442712,0.75,1161,3639
0.0259453797679247,0.75,1523,3277
0.0188641999762907,0.75,1360,3440
0.0190529721623509,0.75,1261,3539
0.0175774350373065,0.75,1108,3692
0.0205575285548991,0.75,1179,3621
0.0231213953496761,0.75,1374,3426
0.0193920304253202,0.75,1289,3511
0.0188423231718238,0.75,1201,3599
0.0178913371594091,0.75,1085,3715
0.0207028968644014,0.75,1172,3628
0.0198606679042418,0.75,1181,3619
0.0202340163365273,0.75,1209,3591
0.0310900256388217,0.7,242,4558
0.0161187218351679,0.75,1421,3379
0.0309202038529208,0.7,369,4431
0.0278148173526162,0.7,558,4242
0.0169837530438749,0.7,88,4712
0.0185099334385453,0.75,1452,3348
0.0174728002650886,0.75,1232,3568
0.0196580250325705,0.75,1209,3591
0.0201168937646334,0.75,1221,3579
0.0183059591234704,0.75,1123,3677
0.0210972377312999,0.75,1220,3580
0.0184826852909499,0.75,1133,3667
0.0221498166027516,0.75,1288,3512
0.0219019510067373,0.75,1376,3424
0.0174287044583063,0.75,1177,3623
0.0171252383674693,0.75,1025,3775
0.0191711544620428,0.75,1042,3758
0.0189897230333271,0.75,1043,3757
0.0291614915863971,0.7,28,4772
0.0295795129846904,0.7,430,4370
0.0161204424294889,0.75,1551,3249
0.0170333556138232,0.75,1274,3526
0.0211374690841246,0.75,1323,3477
0.0194809748504023,0.75,1260,3540
0.0171030881139599,0.75,1080,3720
0.0166100024023902,0.75,928,3872
0.0186790430362001,0.75,948,3852
0.0170586807102328,0.75,866,3934
0.0194863394908834,0.75,955,3845
0.0220879103584802,0.75,1166,3634
0.0180502888358189,0.75,1071,3729
0.0203345078977589,0.75,1141,3659
0.0221904085036883,0.75,1296,3504
0.0189401285473655,0.75,1211,3589
0.0210523235835504,0.75,1276,3524
0.0222634108089716,0.75,1389,3411
0.0198775604819282,0.75,1328,3472
0.0192981849667215,0.75,1253,3547
0.0196447368743294,0.75,1223,3577
0.0204800159967473,0.75,1251,3549
0.0207255009558195,0.75,1284,3516
0.0180766678354770,0.75,1152,3648
0.0222311325336926,0.75,1305,3495
0.0204121213054089,0.75,1302,3498
0.0199694224343846,0.75,1275,3525
0.0187048011401290,0.75,1183,3617
0.0184897287593699,0.75,1108,3692
0.0194970129514796,0.75,1117,3683
0.0221980451231620,0.75,1280,3520
0.0216227351640263,0.75,1355,3445
0.0196983272741544,0.75,1294,3506
0.0189874269510958,0.75,1212,3588
0.0200023849595207,0.75,1216,3584
0.0230541817658115,0.75,1395,3405
0.0304594157999110,0.7,327,4473
0.0319337713764342,0.7,752,4048
0.0176030562482009,0.7,257,4543
0.0167246414772602,0.75,1466,3334
0.0199624676188354,0.75,1384,3416
0.0202605286491157,0.75,1347,3453
0.0195332696267928,0.75,1279,3521
0.0218974171303570,0.75,1370,3430
0.0216450674530162,0.75,1416,3384
0.0216482758539986,0.75,1447,3353
0.0190159857482848,0.75,1317,3483
0.0199620412233140,0.75,1284,3516
0.0196067386741425,0.75,1242,3558
0.0220771295119018,0.75,1356,3444
0.0397274308304500,0.7,805,3995
0.0345572407166224,0.7,1202,3598
0.0204099642618759,0.7,722,4078
0.0186533503758646,0.7,294,4506
0.0201673640289038,0.7,86,4714
0.0202989738332988,0.75,1552,3248
0.0158607738644007,0.75,1206,3594
0.0199959515056055,0.75,1212,3588
0.0191347949182500,0.75,1166,3634
0.0185368734730072,0.75,1099,3701
0.0240856176555024,0.75,1377,3423
0.0182059140544258,0.75,1223,3577
0.0180482373385023,0.75,1110,3690
0.0193970219620865,0.75,1112,3688
0.0186884452088674,0.75,1072,3728
0.0187786499214757,0.75,1051,3749
0.0189767874275809,0.75,1048,3752
0.0223032311140463,0.75,1240,3560
0.0202196806509281,0.75,1248,3552
0.0220857718451246,0.75,1360,3440
0.0228586922251558,0.75,1479,3321
0.0228097666732831,0.75,1555,3245
0.0196698911351995,0.75,1428,3372
0.0173237504073919,0.75,1206,3594
0.0206684070668069,0.75,1251,3549
0.0195599979569510,0.75,1216,3584
0.0217544894474505,0.75,1320,3480
0.0180132132788577,0.75,1173,3627
0.0199029252416695,0.75,1184,3616
0.0215355448688201,0.75,1286,3514
0.0194313803416198,0.75,1233,3567
0.0217633065387348,0.75,1332,3468
0.0209799455492164,0.75,1352,3448
0.0207672210684463,0.75,1354,3446
0.0190730549437532,0.75,1258,3542
0.0187947616387981,0.75,1177,3623
0.0190544971750151,0.75,1137,3663
0.0217126312032615,0.75,1265,3535
0.0184746303387829,0.75,1163,3637
0.0232653878348264,0.75,1372,3428
0.0234804879489852,0.75,1522,3278
0.0200454893568583,0.75,1427,3373
0.0246321397190248,0.7,23,4777
0.0237477680394263,0.7,104,4696
0.0158777057249408,0.75,1312,3488
0.0178688153982789,0.75,1159,3641
0.0216621101860859,0.75,1277,3523
0.0196772080489450,0.75,1241,3559
0.0946518537376394,0.6,240,4560
0.0969297998785563,0.55,881,3919
0.1201033851244214,0.5,1504,3296
0.0944205011994652,0.5,1979,2821
0.0181382890406900,0.55,1045,3755
0.0192809128890350,0.6,793,4007
0.0177734427688731,0.65,967,3833
0.0182694580250999,0.7,1567,3233
0.0197074546055326,0.7,938,3862
0.0197627662604575,0.7,504,4296
0.0197363617454878,0.7,205,4595
0.0221774692309560,0.7,138,4662
0.0242796496412741,0.7,210,4590
0.0206105692685308,0.7,54,4746
0.0176052326430373,0.75,1377,3423
0.0184611878272716,0.75,1238,3562
0.0217828364563255,0.75,1336,3464
0.0222288973594548,0.75,1427,3373
0.0226138168324643,0.75,1509,3291
0.0180524839139581,0.75,1304,3496
0.0189014057839392,0.75,1214,3586
0.0181562537443398,0.75,1110,3690
0.0194027444239756,0.75,1113,3687
0.0177152653140271,0.75,1016,3784
0.0218820260778702,0.75,1194,3606
0.0195310094822209,0.75,1177,3623
0.0285250573859782,0.7,79,4721
0.0278321688688527,0.7,367,4433
0.0183761378560810,0.7,35,4765
0.0189832690012732,0.75,1443,3357
0.0273691392165373,0.7,187,4613
0.0207945828492762,0.7,48,4752
0.0206340514120347,0.75,1546,3254
0.0185388090175501,0.75,1357,3443
0.0189613917411353,0.75,1253,3547
0.0202169699940518,0.75,1256,3544
0.0223762340213070,0.75,1382,3418
0.0209547797568019,0.75,1385,3415
0.0188671592694702,0.75,1267,3533
0.0204985452092794,0.75,1281,3519
0.0205722795328463,0.75,1295,3505
0.0198912285861327,0.75,1265,3535
0.0278893942867076,0.7,101,4699
0.0228477300031667,0.7,105,4695
0.0264373360346648,0.7,308,4492
0.0225746392671696,0.7,229,4571
0.0202164110346506,0.7,45,4755
0.0221069492003542,0.7,26,4774
0.0172636370755264,0.75,1338,3462
0.0202451000040394,0.75,1315,3485
0.0200629133671549,0.75,1288,3512
0.0178830797114428,0.75,1144,3656
0.0173194703696119,0.75,1014,3786
0.0174635975796053,0.75,934,3866
0.0174145935000046,0.75,877,3923
0.0197316214320945,0.75,977,3823
0.0185312439549947,0.75,972,3828
0.0231055854186304,0.75,1237,3563
0.0210626901668697,0.75,1294,3506
0.0232785613309491,0.75,1459,3341
0.0190977358637558,0.75,1330,3470
0.0182300143003174,0.75,1193,3607
0.0184935144964833,0.75,1115,3685
0.0176081542245342,0.75,1011,3789
0.0187776742769983,0.75,1010,3790
0.0214122373161544,0.75,1163,3637
0.0201310521298331,0.75,1191,3609
0.0203914033511941,0.75,1224,3576
0.0206033406351032,0.75,1259,3541
0.0206634010675298,0.75,1286,3514
0.0203154703717049,0.75,1284,3516
0.0187761244796209,0.75,1193,3607
0.0313152229391694,0.7,245,4555
0.0335907021958131,0.7,787,4013
0.0190646625223844,0.7,362,4438
0.0208228109903418,0.7,169,4631
0.0219328408629999,0.7,100,4700
0.0207721391875448,0.75,1588,3212
0.0190639889391921,0.75,1416,3384
0.0244024763320493,0.7,3,4797
0.0193368418266200,0.75,1441,3359
0.0198209468818553,0.75,1360,3440
0.0208266259017366,0.75,1362,3438
0.0248331644778950,0.75,1592,3208
0.0189212019878084,0.75,1410,3390
0.0197396332162201,0.75,1334,3466
0.0188500111458249,0.75,1231,3569
0.0220472289169726,0.75,1347,3453
0.0212442696409034,0.75,1378,3422
0.0225248550875618,0.75,1472,3328
0.0252860317353635,0.7,90,4710
0.0307449120863753,0.7,534,4266
0.0187654418411792,0.7,171,4629
0.0207688052766857,0.7,36,4764
0.0182677270600162,0.75,1403,3397
0.0192503187814467,0.75,1301,3499
0.0176891300552476,0.75,1141,3659
0.0185488941549128,0.75,1084,3716
0.0193547310961472,0.75,1092,3708
0.0178265895443001,0.75,1009,3791
0.0243021681523263,0.75,1330,3470
0.0195219393157425,0.75,1267,3533
0.0205126132714853,0.75,1282,3518
0.0191978412387077,0.75,1217,3583
0.0186183853637520,0.75,1139,3661
0.0175858736359963,0.75,1026,3774
0.0199969589250584,0.75,1091,3709
0.0192194926880917,0.75,1089,3711
0.0209643568705247,0.75,1190,3610
0.0219039699759459,0.75,1311,3489
0.0229262465076239,0.75,1450,3350
0.0194656472023166,0.75,1345,3455
0.0187343362417233,0.75,1232,3568
0.0214751590741281,0.75,1315,3485
0.0215004028958983,0.75,1371,3429
0.0191312957760038,0.75,1273,3527
0.0196382956818154,0.75,1236,3564
0.0200188081302288,0.75,1233,3567
0.0193660502256401,0.75,1193,3607
0.0177732917919182,0.75,1073,3727
0.0229906966154798,0.75,1297,3503
0.0202260950650004,0.75,1286,3514
0.0208334247754488,0.75,1313,3487
0.0189005144211539,0.75,1220,3580
0.0224500533219025,0.75,1363,3437
0.0210274213152725,0.75,1376,3424
0.0220169168816892,0.75,1441,3359
0.0214505543296908,0.75,1453,3347
0.0215436710091010,0.75,1466,3334
0.0175760142896932,0.75,1247,3553
0.0231835246690107,0.75,1422,3378
0.0209113517539787,0.75,1409,3391
0.0205394034954812,0.75,1379,3421
0.0203332094176953,0.75,1347,3453
0.0178944683956669,0.75,1185,3615
0.0197611073929093,0.75,1184,3616
0.0211158732570904,0.75,1262,3538
0.0219290463885298,0.75,1360,3440
0.0159663632364287,0.75,1081,3719
0.0189724595985948,0.75,1068,3732
0.0158190790571501,0.75,873,3927
0.0173129126637077,0.75,830,3970
0.0229803235824264,0.75,1137,3663
0.0192912638283288,0.75,1124,3676
0.0203763361378278,0.75,1179,3621
0.0204856525862358,0.75,1222,3578
0.0214517348399198,0.75,1306,3494
0.0190489436956308,0.75,1224,3576
0.0300581997044412,0.7,195,4605
0.0473032468433771,0.7,1473,3327
0.0232366010210842,0.7,1058,3742
0.0253417745461816,0.7,886,3914
0.0200585146418914,0.7,485,4315
0.0213020603791605,0.7,279,4521
0.0237512286234808,0.7,275,4525
0.0207088750349382,0.7,103,4697
0.0201096404226064,0.75,1553,3247
0.0167433866069224,0.75,1258,3542
0.0222479655036028,0.75,1376,3424
0.0246662027373832,0.75,1592,3208
0.0193792658366813,0.75,1436,3364
0.0189008070479164,0.75,1303,3497
0.0190261804982292,0.75,1221,3579
0.0200360583726994,0.75,1224,3576
0.0202162442712097,0.75,1236,3564
0.0214422602201866,0.75,1315,3485
0.0187205587884816,0.75,1211,3589
0.0207207208444295,0.75,1257,3543
0.0183506136108629,0.75,1150,3650
0.0197682960252527,0.75,1161,3639
0.0207633310481066,0.75,1226,3574
0.0199345478677411,0.75,1222,3578
0.0179030894326313,0.75,1100,3700
0.0202178441991318,0.75,1154,3646
0.0191745144539176,0.75,1129,3671
0.0187533755796015,0.75,1087,3713
0.0189600317977457,0.75,1072,3728
0.0200718372854211,0.75,1126,3674
0.0190299160035159,0.75,1102,3698
0.0204111861477036,0.75,1166,3634
0.0178428400918094,0.75,1059,3741
0.0162346565530928,0.75,892,3908
0.0194217597543810,0.75,968,3832
0.0210359212115179,0.75,1114,3686
0.0181942724381510,0.75,1045,3755
0.0176760419195992,0.75,967,3833
0.0171679568155849,0.75,885,3915
0.0205807197825070,0.75,1032,3768
0.0206911770231098,0.75,1136,3664
0.0181920130826629,0.75,1059,3741
0.0197787166329685,0.75,1101,3699
0.0204968694019024,0.75,1171,3629
0.0213605279763953,0.75,1267,3533
0.0227823335947084,0.75,1413,3387
0.0187673823316001,0.75,1280,3520
0.0177707044093415,0.75,1132,3668
0.0181430355076089,0.75,1054,3746
0.0209997022221602,0.75,1168,3632
0.0209187927704975,0.75,1240,3560
0.0206093579849900,0.75,1270,3530
0.0205925103968886,0.75,1289,3511
0.0237166260447376,0.75,1480,3320
0.0217457292209236,0.75,1496,3304
0.0192180286774439,0.75,1362,3438
0.0190859165921883,0.75,1264,3536
0.0217395594522443,0.75,1351,3449
0.0199789937422268,0.75,1308,3492
0.0200279406782644,0.75,1282,3518
0.0249326246344040,0.75,1545,3255
0.0232464698321395,0.7,24,4776
0.0195534722843728,0.75,1468,3332
0.0183551809870893,0.75,1293,3507
0.0157969087112032,0.75,1025,3775
0.0172210327105712,0.75,927,3873
0.0192102744747036,0.75,979,3821
0.0197244047401315,0.75,1044,3756
0.0201313347093299,0.75,1112,3688
0.0189559399498428,0.75,1088,3712
0.0139506142132710,0.75,775,4025
0.0166149839275331,0.75,722,4078
0.0220726487418431,0.75,1013,3787
0.0195711834944830,0.75,1058,3742
0.0185321707460268,0.75,1027,3773
0.0172106972628131,0.75,928,3872
0.0217431937225512,0.75,1128,3672
0.0225871684698618,0.75,1310,3490
0.0209178791457442,0.75,1334,3466
0.0221594126621390,0.75,1422,3378
0.0197856814435028,0.75,1344,3456
0.0199970648143793,0.75,1305,3495
0.0223090934691246,0.75,1411,3389
0.0184053408769852,0.75,1257,3543
0.0220493806650384,0.75,1364,3436
0.0197526989563753,0.75,1304,3496
0.0221576772582473,0.75,1401,3399
0.0197438630523577,0.75,1328,3472
0.0205199536000763,0.75,1324,3476
0.0198463297286856,0.75,1282,3518
0.0232738276514965,0.75,1451,3349
0.0213764112182782,0.75,1455,3345
0.0190192698140374,0.75,1323,3477
0.0185597694670377,0.75,1207,3593
0.0159157445783308,0.75,973,3827
0.0163513576022142,0.75,841,3959
0.0198528471189518,0.75,960,3840
0.0205181416667648,0.75,1078,3722
0.0205001368035145,0.75,1155,3645
0.0212563444829196,0.75,1251,3549
0.0191385154240059,0.75,1192,3608
0.0169653251752427,0.75,1025,3775
0.0203556853891308,0.75,1112,3688
0.0197341271687074,0.75,1133,3667
0.0181369051193606,0.75,1054,3746
0.0210372231119013,0.75,1171,3629
0.0218659436083054,0.75,1296,3504
0.0171318959016308,0.75,1106,3694
0.0352169522943648,0.7,405,4395
0.0329216566379072,0.7,855,3945
0.0246609896782780,0.7,713,4087
0.0221414115385582,0.7,480,4320
0.0183994340809508,0.7,114,4686
0.0173861567739550,0.75,1405,3395
0.0189176143575311,0.75,1283,3517
0.0227355767731105,0.75,1421,3379
0.0202119782224533,0.75,1368,3432
0.0195592378275992,0.75,1295,3505
0.0225893108820275,0.75,1420,3380
0.0226373275779180,0.75,1506,3294
0.0191336413843510,0.75,1364,3436
0.0190563617880878,0.75,1264,3536
0.0200013094825600,0.75,1251,3549
0.0231402493867563,0.75,1422,3378
0.0185594905813458,0.75,1274,3526
0.0172487034601397,0.75,1098,3702
0.0221777414423082,0.75,1266,3534
0.0216991745172142,0.75,1350,3450
0.0172426529225378,0.75,1149,3651
0.0202888023487209,0.75,1190,3610
0.0191753337250927,0.75,1153,3647
0.0198347605112346,0.75,1167,3633
0.0192031922920726,0.75,1139,3661
0.0186005133701888,0.75,1086,3714
0.0235176175594044,0.75,1335,3465
0.0296146133066445,0.7,242,4558
0.0199741629358483,0.7,39,4761
0.0254655539214124,0.7,211,4589
0.0849554251848628,0.6,104,4696
0.0861759076804225,0.55,358,4442
0.0223429002813916,0.6,426,4374
0.0170576596167704,0.65,667,4133
0.0291092136894369,0.65,303,4497
0.0297660250238741,0.65,88,4712
0.0189667688654398,0.7,983,3817
0.0214215378053491,0.7,625,4175
0.0182739034574397,0.7,207,4593
0.0200248429014642,0.7,19,4781
0.0161935398450012,0.75,1271,3529
0.0180172695448171,0.75,1141,3659
0.0166921606638697,0.75,974,3826
0.0208038905557360,0.75,1104,3696
0.0210755897693831,0.75,1206,3594
0.0184733706940898,0.75,1123,3677
0.0210755244070946,0.75,1219,3581
0.0209069045787274,0.75,1273,3527
0.0209491648058566,0.75,1312,3488
0.0217691124600237,0.75,1384,3416
0.0194356096856230,0.75,1299,3501
0.0232703534252377,0.75,1462,3338
0.0195748857622296,0.75,1359,3441
0.0205586553059802,0.75,1347,3453
0.0174784276858438,0.75,1160,3640
0.0196494182530369,0.75,1161,3639
0.0183911221294049,0.75,1088,3712
0.0189322810307286,0.75,1070,3730
0.0191191542707981,0.75,1070,3730
0.0218645621825138,0.75,1229,3571
0.0189035695478672,0.75,1164,3636
0.0185700064269331,0.75,1100,3700
0.0306631055321172,0.7,149,4651
0.0299745095910873,0.7,530,4270
0.0239175291582740,0.7,453,4347
0.0254070959838487,0.7,483,4317
0.0183405004086635,0.7,112,4688
0.0210810277824271,0.7,14,4786
0.0179501982014678,0.75,1369,3431
0.0187339101972882,0.75,1249,3551
0.0195309517270343,0.75,1213,3587
0.0192159981513368,0.75,1171,3629
0.0194472516670116,0.75,1156,3644
0.0187895386975116,0.75,1108,3692
0.0215032627107271,0.75,1234,3566
0.0205494279341813,0.75,1262,3538
0.0196678449696378,0.75,1230,3570
0.0174193385809024,0.75,1078,3722
0.0192303802421373,0.75,1081,3719
0.0198016972995122,0.75,1117,3683
0.0206515846922311,0.75,1190,3610
0.0198112849313788,0.75,1190,3610
0.0177331867274171,0.75,1069,3731
0.0193246714902876,0.75,1081,3719
0.0206946386006501,0.75,1169,3631
0.0239476711263294,0.75,1414,3386
0.0210514458495026,0.75,1412,3388
0.0196972045931457,0.75,1333,3467
0.0189855015049572,0.75,1238,3562
0.0212787251721228,0.75,1307,3493
0.0231926951821534,0.75,1463,3337
0.0244953837507101,0.7,40,4760
0.0202634331937315,0.75,1519,3281
0.0214499753654945,0.75,1505,3295
0.0209019475621571,0.75,1464,3336
0.0215836872143390,0.75,1476,3324
0.0199893554457211,0.75,1392,3408
0.0229599799179277,0.75,1506,3294
0.0190742259541084,0.75,1361,3439
0.0208942210245036,0.75,1367,3433
0.0231946250630067,0.75,1502,3298
0.0199760973986728,0.75,1410,3390
0.0244265381337999,0.7,1,4799
0.0220484361173790,0.75,1593,3207
0.0216221908705769,0.75,1565,3235
0.0235677038472931,0.7,55,4745
0.0209144227239403,0.75,1566,3234
0.0186290360960763,0.75,1376,3424
0.0199871684470024,0.75,1325,3475
0.0198625110928043,0.75,1284,3516
0.0195630695559630,0.75,1239,3561
0.0227626725290646,0.75,1393,3407
0.0226090781297426,0.75,1486,3314
0.0243924002269240,0.7,49,4751
0.0185983883976973,0.75,1431,3369
0.0177858215448063,0.75,1235,3565
0.0179688451470761,0.75,1113,3687
0.0207402801302734,0.75,1193,3607
0.0180886476841215,0.75,1092,3708
0.0195086368562256,0.75,1107,3693
0.0217471514975368,0.75,1247,3553
0.0188096798097132,0.75,1170,3630
0.0186903325486073,0.75,1112,3688
0.0201449994618643,0.75,1157,3643
0.0195211935133031,0.75,1151,3649
0.0182361750477081,0.75,1072,3728
0.0193506431421644,0.75,1084,3716
0.0202978247143327,0.75,1148,3652
0.0189854418521944,0.75,1114,3686
0.0210651548396978,0.75,1212,3588
0.0235405432074783,0.75,1420,3380
0.0190100018075136,0.75,1298,3502
0.0218227089565081,0.75,1379,3421
0.0202910159691446,0.75,1344,3456
0.0195279988120492,0.75,1278,3522
0.0188943546355969,0.75,1196,3604
0.0198091304301758,0.75,1194,3606
0.0178421623888891,0.75,1078,3722
0.0184015023464805,0.75,1033,3767
0.0196181857579204,0.75,1074,3726
0.0211393216956561,0.75,1190,3610
0.0185754290721248,0.75,1118,3682
0.0261819537226581,0.75,1508,3292
0.0196889569059945,0.75,1397,3403
0.0215483838286822,0.75,1429,3371
0.0180735030196464,0.75,1251,3549
0.0234968637474810,0.75,1443,3357
0.0240854666358971,0.7,3,4797
0.0190523111402679,0.75,1425,3375
0.0225735957452437,0.75,1506,3294
0.0193856230613490,0.75,1378,3422
0.0195225597099358,0.75,1300,3500
0.0263386244599724,0.7,36,4764
0.0222980282902715,0.7,31,4769
0.0229795865222769,0.7,66,4734
0.0221586845563057,0.7,44,4756
0.0193394105120186,0.75,1469,3331
0.0215262996551824,0.75,1476,3324
0.0266671637257328,0.7,170,4630
0.0232772887220039,0.7,175,4625
0.0180372943548214,0.75,1485,3315
0.0179564614057707,0.75,1282,3518
0.0232321426063001,0.75,1448,3352
0.0212930091738001,0.75,1448,3352
0.0205295140730095,0.75,1405,3395
0.0207988003834877,0.75,1391,3409
0.0233116998715487,0.75,1525,3275
0.0238060666855155,0.7,42,4758
0.0187010067128190,0.75,1432,3368
0.0211687913505599,0.75,1430,3370
0.0221435788415624,0.75,1485,3315
0.0208283994082817,0.75,1447,3353
0.0238588071653722,0.75,1593,3207
0.0275030474024214,0.7,293,4507
0.0193926839682126,0.7,41,4759
0.0208027986490302,0.75,1550,3250
0.0194287983427603,0.75,1411,3389
0.0182743390746140,0.75,1250,3550
0.0184089814654688,0.75,1149,3651
0.0217873565966084,0.75,1277,3523
0.0199010691433715,0.75,1254,3546
0.0233893969787077,0.75,1439,3361
0.0182356489711585,0.75,1267,3533
0.0205637228362879,0.75,1285,3515
0.0210282573427536,0.75,1324,3476
0.0201570327320709,0.75,1300,3500
0.0224406785288403,0.75,1415,3385
0.0246643861394979,0.7,18,4782
0.0205959058174839,0.75,1523,3277
0.0183031457772312,0.75,1327,3473
0.0205186525823087,0.75,1323,3477
0.0232627217953919,0.75,1477,3323
0.0166695430249036,0.75,1202,3598
0.0169890028028475,0.75,1033,3767
0.0184831217445543,0.75,1008,3792
0.0174698239803502,0.75,930,3870
0.0188793493837879,0.75,962,3838
0.0195539801524048,0.75,1023,3777
0.0202157124946081,0.75,1102,3698
0.0208017211566235,0.75,1189,3611
0.0191691699440749,0.75,1152,3648
0.0170743624063237,0.75,1005,3795
0.0202649788206823,0.75,1093,3707
0.0178122589133202,0.75,1008,3792
0.0202827523250351,0.75,1096,3704
0.0213553878156566,0.75,1217,3583
0.0725661651408140,0.65,790,4010
0.0232986359884538,0.65,97,4703
0.0179737573840445,0.7,937,3863
0.0208611272084488,0.7,563,4237
0.0177279113825076,0.7,134,4666
0.0196073541954141,0.75,1545,3255
0.0191051066542015,0.75,1389,3411
0.0203478453480341,0.75,1355,3445
0.0201900966164437,0.75,1322,3478
0.0182778148840712,0.75,1190,3610
0.0175703168746596,0.75,1060,3740
0.0193770803129688,0.75,1078,3722
0.0199760885141548,0.75,1125,3675
0.0212373967790916,0.75,1229,3571
0.0255360407572192,0.75,1544,3256
0.0212532495831857,0.75,1511,3289
0.0231144807100321,0.75,1594,3206
0.0265280258945609,0.7,239,4561
0.0191936035975923,0.75,1594,3206
0.0206655686222338,0.75,1511,3289
0.0213498748088978,0.75,1493,3307
0.0180193294768102,0.75,1291,3509
0.0196707654488183,0.75,1250,3550
0.0206410548751369,0.75,1278,3522
0.0198894636343223,0.75,1254,3546
0.0195343493750679,0.75,1217,3583
0.0203544724759918,0.75,1240,3560
0.0237330207628600,0.75,1449,3351
0.0213117039599489,0.75,1450,3350
0.0178921158055160,0.75,1254,3546
0.0185929426416944,0.75,1163,3637
0.0195106976493007,0.75,1154,3646
0.0205814686718352,0.75,1211,3589
0.0189683494502458,0.75,1155,3645
0.0206469211844226,0.75,1216,3584
0.0174137397413711,0.75,1067,3733
0.0175255288192848,0.75,974,3826
0.0194256726642800,0.75,1023,3777
0.0175145389473720,0.75,943,3857
0.0205495897252951,0.75,1069,3731
0.0219971399230572,0.75,1236,3564
0.0205930167091514,0.75,1266,3534
0.0175150816019324,0.75,1108,3692
0.0190988647264939,0.75,1094,3706
0.0198070466244305,0.75,1125,3675
0.0199828393292584,0.75,1157,3643
0.0175646802043739,0.75,1037,3763
0.0171602419160159,0.75,931,3869
0.0169647752490342,0.75,849,3951
0.0173254624065473,0.75,815,3985
0.0180109839721722,0.75,833,3967
0.0188612700259190,0.75,896,3904
0.0186836441363280,0.75,927,3873
0.0177899373468538,0.75,895,3905
0.0188904256319093,0.75,939,3861
0.0177628657299591,0.75,901,3899
0.0251804652890569,0.75,1310,3490
0.0222514284552745,0.75,1411,3389
0.0190274694944120,0.75,1294,3506
0.0220690895295111,0.75,1390,3410
0.0215679766575467,0.75,1425,3375
0.0179591290450466,0.75,1241,3559
0.0298453815086811,0.7,194,4606
0.0278627330472626,0.7,445,4355
0.0183671000735262,0.7,88,4712
0.0196395518137458,0.75,1516,3284
0.0191407177891554,0.75,1371,3429
0.0204315472806349,0.75,1347,3453
0.0178131975325134,0.75,1180,3620
0.0183057310210671,0.75,1096,3704
0.0200793059682235,0.75,1143,3657
0.0193521308587611,0.75,1132,3668
0.0187100528121016,0.75,1087,3713
0.0197981391019814,0.75,1120,3680
0.0212285759394725,0.75,1226,3574
0.0225566606582018,0.75,1373,3427
0.0228165082130074,0.75,1485,3315
0.0226190032731240,0.75,1548,3252
0.0174024220498782,0.75,1293,3507
0.0178487705584688,0.75,1145,3655
0.0228864618517986,0.75,1338,3462
0.0203436323954049,0.75,1320,3480
0.0181298725030267,0.75,1180,3620
0.0197597150159804,0.75,1181,3619
0.0223476812835811,0.75,1331,3469
0.0213707437577145,0.75,1374,3426
0.0169083660558090,0.75,1146,3654
0.0174261931041555,0.75,1021,3779
0.0247386050904054,0.75,1363,3437
0.0240307574553131,0.75,1547,3253
0.0200767930696851,0.75,1446,3354
0.0200685108502425,0.75,1377,3423
0.0187497586203446,0.75,1254,3546
0.0234438246657417,0.75,1442,3358
0.0186365948034403,0.75,1292,3508
0.0205039337025647,0.75,1299,3501
0.0221783141650398,0.75,1399,3401
0.0262856910442006,0.7,98,4702
0.0195479192680319,0.75,1518,3282
0.0190670495215191,0.75,1368,3432
0.0182852981229573,0.75,1222,3578
0.0185136921177684,0.75,1136,3664
0.0211592139003229,0.75,1232,3568
0.0208980011872853,0.75,1281,3519
0.0215401341123075,0.75,1351,3449
0.0196935254614719,0.75,1292,3508
0.0162645590694994,0.75,1052,3748
0.0152510745515241,0.75,828,3972
0.0190764721216647,0.75,905,3895
0.0215169261830528,0.75,1100,3700
0.0178342775364942,0.75,1014,3786
0.0201499936098800,0.75,1093,3707
0.0216450674530162,0.75,1232,3568
0.0216482758539986,0.75,1324,3476
0.0205758709388887,0.75,1324,3476
0.0194661028190225,0.75,1260,3540
0.0180058155062492,0.75,1132,3668
0.0182681551354203,0.75,1061,3739
0.0239960888997538,0.75,1347,3453
0.0200638769934422,0.75,1310,3490
0.0199876019108162,0.75,1281,3519
0.0181590384338748,0.75,1155,3645
0.0197876836767517,0.75,1166,3634
0.0180648200274969,0.75,1072,3728
0.0197114583531758,0.75,1105,3695
0.0193597023193007,0.75,1107,3693
0.0221516521892716,0.75,1271,3529
0.0243222897387367,0.75,1503,3297
0.0196477169642062,0.75,1391,3409
0.0193893332318936,0.75,1301,3499
0.0174750726776219,0.75,1129,3671
0.0159696109404429,0.75,924,3876
0.0292868437904718,0.75,1559,3241
0.0338794260054364,0.7,619,4181
0.0209427042874232,0.7,350,4450
0.0229402289831428,0.7,278,4522
0.0204292637469970,0.7,90,4710
0.0224758221696930,0.7,77,4723
0.0235215865224714,0.7,127,4673
0.0251798656947724,0.7,253,4547
0.0232204465652777,0.7,228,4572
0.0196103306640820,0.7,10,4790
0.0268075102028682,0.7,265,4535
0.0267205272658156,0.7,429,4371
0.0166033205448547,0.75,1578,3222
0.0167563476822687,0.75,1276,3524
0.0205685090496155,0.75,1292,3508
0.0189565204334614,0.75,1209,3591
0.0171231156700654,0.75,1046,3754
0.0179732963691829,0.75,986,3814
0.0203226511533171,0.75,1084,3716
0.0214679771773442,0.75,1216,3584
0.0159496217539979,0.75,981,3819
0.0178617505352936,0.75,936,3864
0.0210912697326590,0.75,1095,3705
0.0197826448941145,0.75,1125,3675
